ln2I9h	2026-05-11T04:45:30.390-07:00	acknowledged	eneco-vpp	opentelemetry-collector-collector-566b6bd96-2htph	otc-container
ySArRj	2026-04-20T00:55:46.352-07:00	resolved	eneco-vpp	assetplanning-eneco-vpp-5d98b59d56-xkvwl	assetplanning
IoXyFS	2026-04-20T00:09:01.868-07:00	resolved	eneco-vpp	assetplanning-eneco-vpp-777d66ff64-mhmgs	assetplanning
pDVyyO	2026-04-16T03:44:15.214-07:00	resolved	eneco-vpp	integration-tests-eneco-vpp-7958894b85-2fsd8	integration-tests
nzx44g	2026-04-16T03:37:44.995-07:00	resolved	eneco-vpp	?	assetplanning
OvZ322	2026-04-16T03:34:15.003-07:00	resolved	eneco-vpp	?	assetplanning
gCSmEG	2026-04-16T03:32:45.297-07:00	resolved	eneco-vpp	assetplanning-eneco-vpp-5654d97cc9-phn5c	assetplanning
AbVGTP	2026-04-16T02:59:45.224-07:00	resolved	eneco-vpp	assetplanning-eneco-vpp-864c7b88c6-wz2dr	assetplanning
E1AwCe	2026-04-16T02:21:00.417-07:00	resolved	eneco-vpp	?	assetplanning
qkHTgu	2026-04-16T02:01:30.127-07:00	resolved	eneco-vpp	?	assetplanning
5WyLSa	2026-04-16T01:59:30.841-07:00	resolved	eneco-vpp	assetplanning-eneco-vpp-864c7b88c6-94xk7	assetplanning
Au9SSd	2026-04-16T01:55:45.209-07:00	resolved	eneco-vpp	integration-tests-eneco-vpp-76c459bdc9-rhs8w	integration-tests
TDgm5X	2026-04-14T07:17:45.264-07:00	resolved	eneco-vpp	?	assetplanning
MAo0jr	2026-04-14T07:13:45.182-07:00	resolved	eneco-vpp	?	assetplanning
L3Wsv1	2026-04-14T07:11:15.192-07:00	resolved	eneco-vpp	assetplanning-eneco-vpp-74b5bd6d6-nv9c8	assetplanning
b6mrqs	2026-04-14T06:58:16.029-07:00	resolved	eneco-vpp	?	assetplanning
FzOcwZ	2026-04-14T06:28:31.434-07:00	resolved	eneco-vpp	?	assetplanning
zs7BRl	2026-04-14T05:28:15.793-07:00	resolved	eneco-vpp	?	assetplanning
rOpvOL	2026-04-14T04:28:00.780-07:00	resolved	eneco-vpp	?	assetplanning
HMyJQv	2026-04-14T03:27:45.660-07:00	resolved	eneco-vpp	?	assetplanning
A9bbwU	2026-04-14T03:26:45.613-07:00	resolved	eneco-vpp	assetplanning-eneco-vpp-5cc7f4d6b-swt5t	assetplanning
rrBl9r	2026-04-14T01:55:15.044-07:00	resolved	eneco-vpp	?	assetplanning
9yino8	2026-04-14T01:43:15.205-07:00	resolved	eneco-vpp	?	assetplanning
c1Ck48	2026-04-14T01:41:45.518-07:00	resolved	eneco-vpp	assetplanning-eneco-vpp-5cc7f4d6b-2dh4r	assetplanning
GT3KnW	2026-04-13T18:52:15.666-07:00	resolved	eneco-vpp	assetplanning-eneco-vpp-5cc7f4d6b-2dh4r	assetplanning
NWt43w	2026-04-08T05:36:16.478-07:00	resolved	eneco-vpp	?	assetplanning
A7PFTs	2026-04-08T05:23:16.259-07:00	resolved	eneco-vpp	?	assetplanning
KOHbdq	2026-04-08T05:22:16.627-07:00	resolved	eneco-vpp	assetplanning-eneco-vpp-68fb55c8b4-dp8jr	assetplanning
VcQDOK	2026-03-31T01:15:15.036-07:00	resolved	eneco-vpp	assetplanning-eneco-vpp-746796cb8b-68tqd	assetplanning
ORS7FR	2026-03-31T00:36:00.557-07:00	resolved	eneco-vpp	assetplanning-eneco-vpp-55f68bd78f-w6zsc	assetplanning
